{"initial_reset_timestamp": 1585509365.0680609, "timestamps": [1585509372.4831161], "episode_lengths": [60], "episode_rewards": [60.0], "episode_types": ["t"]}